id,first_name,last_name,email,gender,ip_address
1,Fred,Lopez,flopez0@europa.eu,Male,124.38.28.44
,,,,,
2,Roger,Reyes,rreyes1@time.com,Male,250.43.37.111
3,Andrew,Perkins,aperkins2@histats.com,Male,248.28.197.168
4,Andrew,Gardner,agardner3@privacy.gov.au,Male,90.166.92.185
5,Michelle,Hart,mhart4@unicef.org,Female,120.48.76.63
6,Barbara,White,bwhite5@chron.com,Female,188.39.149.255
7,Melissa,King,mking6@zdnet.com,Female,83.65.79.210
8,Judith,Fox,jfox7@deviantart.com,Female,149.31.165.91
9,Lillian,Dunn,ldunn8@e-recht24.de,Female,90.231.118.1
10,Jeffrey,Hall,jhall9@shop-pro.jp,Male,252.75.123.215